rp_service;orbit_service
Abdominal Imaging;Body
Angiography;IR
Biopsy;IR
Body Imaging;Body
Breast Imaging;Breast
Cardiac Imaging;Cardiac CT, Cardiac MR
Cardiothoracic;Chest
Cardiovascular;Cardiac CT, Cardiac MR
Computed Tomography;
Cross Sectional Imaging;
Diagnostic Radiology;
Echo;Ultrasound
Emergency Radiology;Emergency
General;
Interventional Paing Management;Pain Management
Interventional Radiology;IR
Magnetic Resonance Imaging;
Mammogram;Breast
Musculoskeletal;MSK
Musculoskeletal - MSK;MSK
Neuroradiology;Neurorad-adult
Nuclear Medicine;Nuclear
Nuclear Radiology;Nuclear
Pediatric Radiology;Pediatric
Pediatrics;Pediatric
Physician Assistant/Interventional Radiology;
Physician Extender;
Positron Emission Tomography;Nuclear
Radiology, Diagnostic Radiology;
Sectional Imaging;
Sports, Orthopedic and Emergency Imaging;MSK, Emergency
Thoracic Imaging ;Chest
Ultrasound;Ultrasound
Vascular and Intervential Radiology w/CAQ;IR
Vascular Imaging;IR
Women's Imaging;Women's Imaging